id,value
1,76172000.0
2,80097000.0
4,67886000.0
5,71196000.0
6,60692000.0
10,62426000.0
11,59456000.0
15,77650000.0
17,63456000.0
23,61949000.0
25,75021000.0
28,61806000.0
31,65244000.0
35,56542000.0
39,27087000.0
40,24047000.0
43,59758000.0
48,47120000.0
51,38095000.0
55,56907000.0
56,57192000.0
57,47466000.0
61,47505000.0
62,51281000.0
69,37816000.0
70,33940000.0
71,37379000.0
74,43698000.0
80,48950000.0
82,45081000.0
84,38710000.0
85,41593000.0
88,37968000.0
90,32895000.0
91,34163000.0
95,34098000.0
101,33892000.0
104,18145000.0
111,32450000.0
113,31643000.0
116,39178000.0
120,32819000.0
122,35627000.0
130,24608000.0
136,28642000.0
138,28716497.61904762
141,24263000.0
144,26562000.0
146,23411000.0
147,21471000.0
150,22612000.0
151,28343000.0
152,11034000.0
158,22970000.0
159,27176000.0
160,34390000.0
162,34214000.0
168,34260000.0
172,26268500.0
177,32526000.0
181,27606000.0
183,33456000.0
184,33109000.0
186,29754000.0
187,31486000.0
192,32020000.0
193,28563233.333333336
194,21239000.0
200,23123000.0
201,12244600.0
204,22047000.0
206,25484933.333333332
208,26023333.333333332
219,18549266.666666668
221,9060233.333333334
227,28935000.0
231,7565800.0
233,29031000.0
235,29194000.0
237,25035000.0
238,27200000.0
239,25673000.0
255,21146000.0
258,25373000.0
260,23011000.0
272,22181000.0
273,21739000.0
275,26122000.0
279,20371000.0
281,22242000.0
284,22130000.0
286,21233000.0
292,18815000.0
300,12332000.0
301,12720000.0
303,14934000.0
304,16934000.0
315,6963400.0
318,4569200.0
320,17134000.0
322,21947000.0
323,24872000.0
326,25126000.0
328,24230000.0
337,22830000.0
339,20831000.0
342,22617000.0
343,22284000.0
360,17561000.0
364,20302000.0
365,17638000.0
367,18628000.0
368,16054000.0
369,16057000.0
372,18406000.0
376,20825600.0
379,17516000.0
380,22588000.0
383,16088000.0
385,11501000.0
386,14815000.0
390,15566000.0
391,15724000.0
393,15726000.0
400,9813800.0
403,6787800.0
413,22317000.0
416,20994000.0
423,14979000.0
424,18998000.0
426,16122000.0
427,18986000.0
428,14252000.0
429,20106000.0
431,11771000.0
432,17153000.0
433,17046000.0
439,9553000.0
443,18229000.0
444,18251000.0
446,19517000.0
449,18011000.0
456,16730000.0
457,12430000.0
464,14953000.0
468,17489000.0
472,12795000.0
474,18848000.0
483,12138000.0
488,12799000.0
494,13441000.0
499,9317000.0
505,12420000.0
506,13730000.0
510,13495000.0
511,11244000.0
512,5723400.0
517,10823000.0
521,13015000.0
522,7958000.0
523,12061000.0
526,10861000.0
531,10823000.0
540,3100000.0
547,5793800.0
555,17735000.0
556,17911000.0
563,5581000.0
564,17896000.0
566,10201000.0
573,9561000.0
574,15859000.0
581,17328000.0
588,12305000.0
590,15483000.0
591,15506000.0
595,15172000.0
596,14879000.0
597,17060000.0
599,14330000.0
600,11261000.0
602,11212000.0
603,14261000.0
606,15109000.0
613,10620000.0
615,12298000.0
620,16156000.0
623,11406000.0
624,10895000.0
628,10235000.0
630,13078000.0
635,15421000.0
636,14187000.0
638,15414000.0
662,10921000.0
664,12324000.0
665,10082000.0
670,12906000.0
672,11526000.0
677,12035000.0
680,10418000.0
695,9179000.0
705,9013000.0
713,5956200.0
716,5881800.0
717,7117800.0
720,13262000.0
723,13307000.0
725,13618000.0
731,8226500.0
733,8170000.0
734,12552000.0
738,14672000.0
740,12265000.0
743,13046000.0
747,12834000.0
750,13396000.0
752,12337000.0
753,9019000.0
756,10399000.0
758,9602000.0
768,15506000.0
770,13350000.0
772,9662000.0
773,10689000.0
791,12834000.0
793,13679000.0
794,10917000.0
798,11881000.0
799,8760000.0
801,13854000.0
804,13570000.0
805,12872000.0
811,10231000.0
822,12279000.0
824,12919000.0
827,10855000.0
828,10388000.0
832,10091500.0
837,11208000.0
844,9744500.0
851,9134450.0
852,9340000.0
854,9888000.0
856,11822000.0
860,9991500.0
867,6698000.0
877,9502700.0
880,5109000.0
883,9729000.0
885,7780500.0
889,11387666.666666668
891,7949000.0
894,3939200.0
897,9040000.0
898,8827250.0
899,3877000.0
904,10174000.0
906,10094000.0
907,7305250.0
910,8283000.0
915,2461050.0
917,8939000.0
919,10599000.0
925,7206800.0
928,6873007.142857144
940,3331200.0
945,9324000.0
946,8569750.0
951,8035250.0
953,11588000.0
959,3596400.0
961,7100000.0
963,6387400.0
965,4872600.0
971,5262000.0
973,6570500.0
983,4263400.0
985,8703250.0
997,6196200.0
998,6583000.0
999,8620500.0
1004,3023400.0
1012,6176600.0
1014,10976000.0
1021,5231000.0
1024,8068000.0
1028,10415000.0
1034,7520000.0
1037,6221400.0
1038,12155000.0
1041,8182950.0
1043,6993000.0
1044,12182000.0
1048,11605000.0
1054,14196000.0
1058,8657000.0
1059,6334600.0
1061,11806000.0
1068,2773400.0
1070,6451400.0
1075,10882000.0
1076,3978000.0
1078,7756307.142857144
1080,7587000.0
1082,13471000.0
1084,2714800.0
1085,6570500.0
1088,10296000.0
1091,11149000.0
1094,13236000.0
1096,8899000.0
1099,8975000.0
1101,8654000.0
1103,9106000.0
1107,10251000.0
1108,9909000.0
1110,7306750.0
1117,8792000.0
1119,10488000.0
1120,8830000.0
1122,7643250.0
1130,15108000.0
1136,14461000.0
1137,7106750.0
1139,11919000.0
1140,10266000.0
1141,12047000.0
1144,9039000.0
1148,8376392.857142857
1165,8337000.0
1168,13978000.0
1174,11196000.0
1179,9246000.0
1187,10116000.0
1188,9534000.0
1190,2800800.0
1196,7772000.0
1197,4252000.0
1200,8723000.0
1201,9774000.0
1203,4940600.0
1205,8331000.0
1208,8362000.0
1212,7735000.0
1213,7374000.0
1214,10261000.0
1217,7360000.0
1224,5997000.0
1228,9964800.0
1229,5989600.0
1239,7520000.0
1240,7475000.0
1247,10163000.0
1259,11399033.333333334
1261,8594000.0
1265,9152000.0
1268,7888000.0
1269,1042060.0
1271,12107666.666666668
1274,7964000.0
1275,7897000.0
1276,9127000.0
1277,3691200.0
1278,8465000.0
1288,7166000.0
1291,7348000.0
1296,8691000.0
1297,7221000.0
1302,11465000.0
1304,9965750.0
1306,7676000.0
1307,3936400.0
1309,2335200.0
1310,7954000.0
1314,6508800.0
1316,7961000.0
1317,12426500.0
1323,5368400.0
1324,7797000.0
1325,8722000.0
1326,1825700.0
1331,5005600.0
1333,6023400.0
1334,7165000.0
1335,7234800.0
1337,8231000.0
1347,9492000.0
1348,5491200.0
1354,7622000.0
1355,4817400.0
1358,9786000.0
1362,8569000.0
1363,5150600.0
1375,7969000.0
1377,9732000.0
1380,10257807.142857142
1382,6989000.0
1391,4267000.0
1397,6284800.0
1400,7677000.0
1401,6302000.0
1405,11479833.333333334
1408,6214800.0
1409,7357000.0
1411,7398000.0
1417,5176800.0
1420,12402000.0
1421,9281000.0
1425,6044000.0
1428,5630000.0
1431,10241500.0
1436,7355000.0
1448,5723000.0
1450,6351200.0
1458,6813000.0
1459,10315000.0
1463,5533000.0
1471,10337583.33333333
1473,7570500.0
1474,7307000.0
1476,10091000.0
1482,7361000.0
1487,7706000.0
1491,10022000.0
1496,4881040.0
1497,8842000.0
1498,11344250.0
1504,8567000.0
1507,9059000.0
1509,7265000.0
1513,6534000.0
1518,6456200.0
1519,5368400.0
1522,7711000.0
1532,8917000.0
1534,12310000.0
1538,8537000.0
1542,7209000.0
1544,7027000.0
1549,8296000.0
1558,7959000.0
1562,6737000.0
1563,6231966.666666667
1564,7722000.0
1565,3743840.0
1568,5012000.0
1569,6825500.0
1570,4974040.0
1573,5028800.0
1574,6899516.666666667
1578,7435000.0
1580,9067000.0
1581,2633400.0
1585,6296699.999999999
1591,2662680.0
1598,5732916.666666667
1600,7567000.0
1609,6986000.0
1614,7807000.0
1619,7718000.0
1628,7483000.0
1630,6966600.0
1633,6177095.238095238
1638,6456847.6190476185
1651,2620600.0
1652,7822000.0
1659,6227200.0
1663,6941000.0
1667,1655900.0
1668,6972000.0
1670,8342000.0
1671,8842000.0
1675,5409400.0
1678,6889000.0
1681,7784000.0
1683,6389200.0
1687,7690000.0
1689,8495000.0
1690,6892000.0
1697,10121000.0
1700,6396800.0
1711,6987000.0
1713,5146400.0
1720,7145000.0
1723,10596000.0
1729,8663000.0
1730,6841100.0
1735,8044000.0
1736,6930600.0
1737,5103400.0
1738,6404000.0
1741,8339000.0
1747,8749000.0
1753,7156000.0
1755,6982600.0
1764,5276600.0
1766,8660000.0
1770,2781400.0
1775,4286000.0
1776,6390895.238095238
1783,7884000.0
1789,7539000.0
1794,6972000.0
1795,6014400.0
1799,9445000.0
1802,5429335.714285715
1805,679020.0
1808,8384000.0
1811,5538400.0
1812,8373000.0
1813,7709000.0
1816,7716000.0
1817,8732000.0
1820,771390.0
1828,6795633.333333333
1837,8133000.0
1838,8453000.0
1840,5617066.666666667
1841,9049000.0
1842,9289000.0
1843,5529200.0
1845,8406000.0
1847,4412800.0
1848,6488592.857142856
1853,5485050.0
1855,7918000.0
1856,7698000.0
1861,8752000.0
1864,8050000.0
1871,5333400.0
1873,4437600.0
1874,8752000.0
1875,7989000.0
1876,6390895.238095238
1877,4818400.0
1885,7499000.0
1887,6724000.0
1894,7355000.0
1896,8473000.0
1897,9205000.0
1905,6521395.238095237
1908,2775400.0
1909,10268000.0
1912,5027600.0
1918,10044000.0
1922,9898000.0
1923,6957000.0
1926,7863000.0
1930,5829600.0
1935,6683000.0
1949,5509888.095238095
1960,5566002.380952382
1967,6239233.333333333
1968,7595000.0
1969,4612440.0
1973,5597733.333333333
1974,5649600.0
1976,1479250.0
1977,6332205.9523809515
1978,9216000.0
1982,8081000.0
1986,4025200.0
1996,6795045.238095239
2002,3966394.285714286
2010,8788000.0
2013,6943416.666666666
2014,4407200.0
2024,5996200.0
2026,1456443.3333333333
2027,7215000.0
2028,5491600.0
2031,2313256.6666666665
2033,5711400.0
2038,7567000.0
2041,4381400.0
2047,5491600.0
2054,5912000.0
2055,7044000.0
2057,6604000.0
2059,5497200.0
2062,5912200.0
2063,6513000.0
2074,1466000.0
2077,6194000.0
2089,6983000.0
2092,7620000.0
2095,4183200.0
2099,7194000.0
2108,7103000.0
2116,3458400.0
2117,7972000.0
2120,3763000.0
2130,4762000.0
2131,1802923.3333333335
2133,5243800.0
2135,4848600.0
2138,2232233.333333334
2139,7245000.0
2140,7662000.0
2143,4352800.0
2144,5954200.0
2146,5029200.0
2148,1772536.6666666665
2153,7477000.0
2160,3278800.0
2173,5927000.0
2179,6165000.0
2180,7326000.0
2181,2232233.333333334
2182,778600.0
2183,2388210.0
2184,6540600.000000001
2189,2806673.3333333335
2190,7047000.0
2191,7195000.0
2192,7216000.0
2200,5418200.0
2205,3761000.0
2206,5889800.0
2207,6748000.0
2212,4435000.0
2215,1718600.0
2219,6182000.0
2229,8380000.0
2232,4981400.0
2238,5173866.666666667
2241,7294000.0
2244,3871400.0
2247,647390.0
2249,6383133.333333333
2250,714090.0
2254,6311000.0
2255,5996000.0
2262,6046000.0
2264,6203800.0
2268,6957000.0
2269,7316000.0
2281,3072800.0
2284,7357000.0
2288,4384600.0
2296,6443000.0
2299,6741000.0
2300,7015000.0
2302,6924000.0
2305,8194000.0
2310,5381533.333333333
2325,5943800.0
2327,4444200.0
2332,6372333.333333333
2333,4429000.0
2343,6496000.0
2347,7950000.0
2350,4456400.0
2356,6427883.333333334
2359,9531500.0
2365,4348000.0
2370,4665000.0
2372,7446000.0
2375,5226600.0
2382,6071000.0
2383,8055000.0
2386,4196200.0
2390,6445133.333333333
2398,3311800.0
2403,6932000.0
2406,5469800.0
2411,4913000.0
2418,3252600.0
2419,5815000.0
2422,6694000.0
2429,4884200.0
2430,6662000.0
2431,6506000.0
2434,5433600.0
2439,6185000.0
2443,5937800.0
2445,9575000.0
2449,6879000.0
2452,4342400.0
2456,6203000.0
2459,8599000.0
2465,5494200.0
2476,4399600.0
2485,5906600.0
2488,3434200.0
2490,6645000.0
2491,6679000.0
2492,5455200.0
2501,3505000.0
2503,6506000.0
2506,5712800.0
2508,5464000.0
2510,3272200.0
2513,7004000.0
2520,5505600.0
2521,4456400.0
2525,6076000.0
2526,1413000.0
2529,4628200.0
2530,3987100.0
2535,1830734.2857142854
2536,3885600.0
2540,300340.0
2543,1894200.0
2547,4763000.0
2549,1123150.0
2558,4096400.0
2559,3802269.047619048
2562,5270800.0
2568,419560.0
2570,3993000.0
2571,3703200.0
2573,1533033.3333333335
2575,3978400.0
2576,3065760.0
2577,2939333.3333333335
2578,3057620.0
2581,4712200.0
2582,4015600.0
2583,5081000.0
2584,3892000.0
2586,1135150.0
2587,4041800.0
2595,2754050.0
2600,4241000.0
2603,4015600.0
2604,4851800.0
2605,3038386.666666667
2606,4673800.0
2610,4779200.0
2613,4314800.0
2630,4743400.0
2631,473910.0
2632,5351600.0
2652,3973930.0000000005
2659,3412953.333333333
2662,5156800.0
2665,1796966.6666666667
2667,4891800.0
2668,5432800.0
2672,3396600.0
2674,2981471.6666666665
2675,3038386.666666667
2676,4318400.0
2678,3884600.0
2685,4261600.0
2689,2356000.0
2691,2764163.333333334
2694,4861800.0
2695,1772450.0
2697,3464988.3333333335
2699,4354400.0
2700,3184400.0
2701,2658102.8571428577
2705,3945800.0
2716,2805766.666666667
2718,3311500.0
2721,3379300.0
2733,4611600.0
2737,1800000.0
2739,5447200.0
2748,4309800.0
2749,3748000.0
2752,3412420.714285714
2753,2805833.333333333
2755,452510.0
2765,2535293.8095238097
2766,3038386.666666667
2774,3888000.0
2775,3993000.0
2776,4652600.0
2777,2535293.8095238097
2779,3207966.666666667
2785,5457000.0
2786,6888000.0
2796,3903250.0000000005
2797,2652842.8571428577
2805,4928200.0
2807,4873200.0
2809,6735000.0
2810,3085540.0
2816,3301466.666666667
2817,4117000.0
2819,4850200.0
2827,3980200.0
2833,3538852.3809523806
2835,4946200.0
2837,3222593.3333333335
2841,4820000.0
2842,5007000.0
2843,5004800.0
2851,2748000.0
2854,5894600.0
2860,3203000.0
2863,2401900.0
2869,3410871.666666666
2874,2069319.5238095238
2876,1370700.0
2877,4374800.0
2878,3873600.0
2882,5772000.0
2887,3260666.6666666665
2889,3996600.0
2890,3516200.0
2903,4695600.0
2906,2280966.666666667
2910,5222400.0
2912,4904800.0
2913,3093400.0
2918,4311000.0
2921,3060763.3333333335
2922,5294800.0
2925,6812000.0
2927,3795000.0
2930,3552770.714285714
2936,3043400.0
2937,2337200.0
2943,4092800.0
2946,717890.0
2947,3026586.666666667
2949,441770.0
2952,3524600.0
2953,2676100.0
2955,3878600.0
2957,3295000.0
2960,3879800.0
2962,2415233.333333333
2963,3770600.0
2969,5452000.0
2977,3057620.0
2979,4202200.0
2980,5262000.0
2992,5426800.0
2994,4927600.0
3002,4155200.0
3008,6129000.0
3009,2076266.6666666667
3011,3243400.0
3016,4764000.0
3022,4572600.0
3023,3878800.0
3031,3987100.0
3035,3186099.9999999995
3039,4279000.0
3045,7047000.0
3048,3972200.0
3052,3054450.0000000005
3055,4831400.0
3056,3897550.0000000005
3058,1899556.6666666667
3068,4897600.0
3069,5049600.0
3070,6211800.0
3072,4255800.0
3073,4730200.0
3074,5398800.0
3075,4315600.0
3077,5362000.0
3080,3222593.3333333335
3091,5793200.0
3102,3147000.0
3106,3312816.666666667
3116,3874600.0
3123,2469580.0
3124,3627400.0
3126,3938000.0
3130,3592200.0
3137,1578550.0
3139,2107000.0
3146,4583200.0
3147,4129400.0
3152,3723600.0
3160,3229400.0
3166,2910000.0
3168,3393400.0
3170,3425000.0
3172,3913400.0
3173,5707000.0
3176,1009150.0
3177,1944200.0
3197,3399400.0
3200,4148200.0
3201,3969000.0
3204,3894200.0
3206,4299400.0
3210,3299000.0
3219,2560820.0
3220,2517400.0
3229,2327200.0
3232,5083200.0
3235,2939000.0
3236,2725600.0
3239,2221800.0
3240,698070.0
3249,3213600.0
3257,3630200.0
3260,4775600.0
3262,4040600.0
3264,2095400.0
3267,3219200.0
3268,2531000.0
3272,3615400.0
3278,3941000.0
3286,3250800.0
3290,1991800.0
3291,2525400.0
3292,4291200.0
3293,3283600.0
3296,2193540.0
3305,3188800.0
3308,2992000.0
3309,2882200.0
3315,2479060.0
3319,2869720.0
3320,2994200.0
3326,4299400.0
3330,4006600.0
3333,2879400.0
3334,5501800.0
3337,3658800.0
3341,3197400.0
3342,3487800.0
3343,3027800.0
3345,3750400.0
3346,3288200.0
3347,881535.0
3355,3347000.0
3358,2232682.8571428573
3359,2562800.0
3361,4699600.0
3362,4446400.0
3364,896750.0
3365,2437200.0
3367,3064400.0
3369,3903400.0
3374,3643800.0
3386,2665600.0
3389,1813200.0
3390,3188800.0
3395,3289200.0
3403,3608000.0
3410,2869580.0
3411,3578000.0
3413,2399400.0
3417,3700000.0
3419,4151200.0
3425,1820800.0
3426,1806800.0
3429,691480.0
3433,2926800.0
3436,4008800.0
3445,1810800.0
3447,3246800.0
3448,4070600.0
3454,2995600.0
3461,2984600.0
3468,3952400.0
3470,2560820.0
3475,2399400.0
3482,3194200.0
3484,3125700.0
3491,6171000.0
3492,600320.0
3496,2310300.0
3500,3392600.0
3514,474460.0
3524,4100000.0
3526,3886400.0
3527,4164000.0
3528,3228400.0
3532,4312000.0
3534,3945800.0
3535,3394400.0
3539,4182600.0
3540,2747800.0
3555,3322600.0
3563,2238200.0
3569,2149600.0
3572,4179200.0
3575,3750400.0
3584,3131500.0
3588,3974400.0
3597,3987400.0
3598,3182400.0
3601,2515600.0
3612,3860400.0
3614,2902200.0
3615,1809400.0
3618,3908800.0
3625,2722200.0
3655,1354800.0
3661,2401600.0
3665,3852200.0
3666,896750.0
3675,3399400.0
3683,5574800.0
3685,2272200.0
3688,3592000.0
3690,4910400.0
3697,3001400.0
3710,1006450.0
3716,2935800.0
3727,3184000.0
3738,2670600.0
3745,2255600.0
3749,5506800.0
3754,4295000.0
3776,2801480.0
3778,5706000.0
3784,3501600.0
3786,2515600.0
3788,2238800.0
3791,3524000.0
3803,3648600.0
3809,4368800.0
3811,2538462.8571428573
3817,3037200.0
3820,3309350.0
3824,3193400.0
3826,2386600.0
3829,620960.0
3831,3375500.0
3832,3482200.0
3836,1656800.0
3845,3106800.0
3846,2516420.0
3848,2831000.0
3849,2305000.0
3857,1792400.0
3859,2369600.0
3861,2761400.0
3867,3218000.0
3876,2239400.0
3877,2399400.0
3878,629900.0
3883,1801000.0
3885,2494800.0
3889,1808600.0
3890,2407800.0
3891,2789000.0
3913,2223400.0
3920,3711800.0
3922,1370850.0
3930,2207200.0
3931,3255566.666666667
3934,4093800.0
3941,2979166.666666667
3942,883450.0
3945,2399800.0
3950,223270.0
3951,932320.8333333334
3959,339070.0
3960,904200.0
3962,1460000.0
3972,4080400.0
3982,1805400.0
3984,2856400.0
3986,1787200.0
3988,3010800.0
3989,3297200.0
3990,2630300.0
3991,2389600.0
3995,1738000.0
3997,2285800.0
4000,2629900.0
4002,2038800.0
4007,1802600.0
4010,2535280.0
4012,3184000.0
4013,1768200.0
4019,2120600.0
4028,164980.0
4032,2558600.0
4035,2511000.0
4038,2365400.0
4040,3564800.0
4042,2313400.0
4046,3038000.0
4054,2549655.238095239
4065,3893800.0
4073,1539200.0
4074,1011843.3333333333
4084,1772600.0
4106,2464000.0
4108,1059475.0
4109,1090100.0
4110,3737400.0
4111,2402800.0
4112,2856400.0
4113,1440800.0
4115,729391.6666666666
4119,2007400.0
4123,3161800.0
4129,2202200.0
4131,1781800.0
4133,1468800.0
4138,3083000.0
4143,1930200.0
4146,1930200.0
4151,1748400.0
4161,1011843.3333333333
4163,2365400.0
4166,608540.0
4168,2492600.0
4171,1800400.0
4180,2159800.0
4185,1805200.0
4189,2978026.6666666665
4190,1428000.0
4191,2491000.0
4197,1787200.0
4201,1781800.0
4208,2396800.0
4213,1537200.0
4219,3520200.0
4221,2975600.0
4226,1428600.0
4233,2284600.0
4241,1424400.0
4245,3338800.0
4256,2254600.0
4261,2512020.0
4262,3199150.0
4268,445400.0
4274,318840.0
4278,1738000.0
4279,2224200.0
4280,3191400.0
4289,2399800.0
4291,2681084.761904761
4294,2635866.6666666665
4301,3065656.6666666665
4308,2332400.0
4310,3427750.0
4312,2715600.0
4315,2498000.0
4321,2715716.666666667
4325,2326200.0
4326,2004200.0
4327,1775200.0
4328,744632.5
4329,2343800.0
4341,1774600.0
4343,2349200.0
4349,2560827.619047619
4350,1428600.0
4357,2036400.0
4359,1803400.0
4362,582795.0
4364,1750000.0
4366,1900600.0
4369,567825.0
4376,2798000.0
4380,2998699.9999999995
4381,2414800.0
4383,1090100.0
4388,1810400.0
4395,3717370.0
4396,2701000.0
4407,1475200.0
4414,2526000.0
4415,1597800.0
4416,3295000.0
4419,702954.6428571433
4425,2464000.0
4427,3163000.0
4432,1750000.0
4433,2501800.0
4435,3106800.0
4440,3218400.0
4441,713841.6666666666
4443,1649400.0
4446,3688170.0
4454,2902400.0
4462,2248000.0
4474,2950933.3333333335
4481,951150.0
4484,3879666.666666667
4489,2079200.0
4491,1876200.0
4492,2533114.285714286
4505,1308850.0
4510,1446800.0
4520,2261200.0
4521,2286000.0
4522,2292600.0
4529,938440.0000000001
4531,1552600.0
4532,1869600.0
4557,2169400.0
4561,2228800.0
4562,2191000.0
4564,1530236.6666666667
4566,1049200.0
4571,2320200.0
4581,2371000.0
4584,3699000.0
4585,1942000.0
4590,2122000.0
4594,1995129.5238095233
4595,1405200.0
4596,1890000.0
4598,2016400.0
4601,2169400.0
4604,3125066.6666666665
4605,2765483.3333333335
4610,1952600.0
4618,1802666.6666666665
4619,2099200.0
4620,1337500.0
4623,2763600.0
4628,1552739.761904762
4635,1709800.0
4645,1309100.0
4652,2353600.0
4654,1394600.0
4655,2320200.0
4656,1891200.0
4657,756134.5238095239
4661,662356.6666666667
4662,1245850.0
4663,745140.0
4665,2109400.0
4670,1972600.0
4671,1980800.0
4672,2289800.0
4675,1235850.0
4676,1401000.0
4678,2307000.0
4681,1200800.0
4684,1778333.3333333333
4687,1200800.0
4697,2707000.0
4705,2008619.9999999998
4707,1982600.0
4714,1784500.0
4715,1796000.0
4717,1505800.0
4721,1411200.0
4725,2162200.0
4726,1599400.0
4730,2393200.0
4732,1897028.5714285714
4734,1792000.0
4735,1436200.0
4741,1871900.0
4750,1944800.0
4757,1620600.0
4760,1946000.0
4765,1402800.0
4767,1245200.0
4769,1711800.0
4770,974449.0476190477
4773,1402600.0
4775,889950.0
4779,1887600.0
4783,3782800.0
4787,1398600.0
4794,2111000.0
4796,2122000.0
4797,1634600.0
4801,2182600.0
4806,1986000.0
4808,2360200.0
4814,3163466.6666666674
4820,1664800.0
4825,1784993.3333333333
4828,2040800.0
4840,1014400.0
4844,2387600.0
4845,1899600.0
4846,1830400.0
4851,2505800.0
4862,2395800.0
4864,1700333.3333333333
4871,1895598.0952380954
4872,2467200.0
4874,1505800.0
4877,1316800.0
4878,1890000.0
4886,1028441.6666666667
4888,1375750.0
4893,1505800.0
4900,2138200.0
4921,2051493.3333333333
4929,1399200.0
4934,1797125.0
4935,2466400.0
4938,1092750.0
4949,1588400.0
4951,1540520.0
4952,1422400.0
4955,2175800.0
4963,2492800.0
4977,1590000.0
4984,1796325.0
4987,1398950.0
4991,1409200.0
5001,1110900.0
5002,2417800.0
5011,2221000.0
5012,1912200.0
5015,2015000.0
5018,1172000.0
5022,2495800.0
5024,2096800.0
5027,2722800.0
5031,2169400.0
5042,1889064.7619047621
5043,3814600.0
5044,1394800.0
5048,2362200.0
5054,2509800.0
5055,2662133.333333333
5056,2482200.0
5059,1605400.0
5065,1200800.0
5066,1773466.6666666665
5070,2504000.0
5072,1468200.0
5078,1338333.3333333333
5083,693140.7142857143
5100,2529400.0
5101,411633.45238095225
5104,1309100.0
5106,1992400.0
5107,1720348.5714285714
5108,2198000.0
5112,1658000.0
5117,2565600.0
5118,1406600.0
5120,2099800.0
5124,1400000.0
5128,1976200.0
5132,1722200.0
5134,1387800.0
5137,2175800.0
5139,1703000.0
5141,2739600.0
5147,1789600.0
5148,1406800.0
5158,2047493.3333333333
5162,1509600.0
5164,3802800.0
5170,1231000.0
5171,1786600.0
5176,1887200.0
5180,2086200.0
5181,2271400.0
5182,1524900.0
5188,1996000.0
5197,2112800.0
5198,2427200.0
5201,1791211.9047619049
5215,512894.5238095239
5216,2468000.0
5217,2182600.0
5220,1559400.0
5221,1778333.3333333333
5223,1999600.0
5226,1403600.0
5227,2263600.0
5233,2327800.0
5239,2001200.0
5240,2792750.0
5242,1677200.0
5243,3134313.80952381
5245,1871900.0
5247,1443800.0
5252,1811600.0
5255,2485600.0
5260,1911400.0
5264,993900.0
5269,2548200.0
5272,1404900.0
5276,2465400.0
5282,1697400.0
5286,2686400.0
5290,1986200.0
5291,2409200.0
5296,2040386.6666666667
5303,1861200.0
5304,1430000.0
5309,1764940.0
5317,2193000.0
5319,2217200.0
5322,1019200.0
5324,744665.0
5325,1226200.0
5329,2537600.0
5330,3620800.0
5333,2742496.666666667
5334,2825383.3333333335
5340,1223600.0
5342,351300.0
5346,2360600.0
5349,1510600.0
5350,1504000.0
5355,2380800.0
5360,1532400.0
5374,1387850.0
5376,2722880.0
5377,2296200.0
5389,564156.6666666666
5393,1012050.0
5395,1948400.0
5396,1504000.0
5397,2721600.0
5398,946308.3333333333
5399,1324338.095238095
5401,1636400.0
5402,1615600.0
5405,1164499.4047619049
5413,2090200.0
5417,1229810.9523809527
5418,2060000.0
5419,1223493.3333333333
5426,878716.6666666666
5429,593097.5000000001
5431,1095300.0
5432,1091150.0
5436,1436800.0
5439,1039150.0
5440,671300.0
5455,591150.0000000001
5456,999500.0
5468,872166.6666666667
5469,659700.0
5472,698558.3333333333
5473,805335.0
5475,1195600.0
5481,414230.8333333333
5482,1041709.5634920633
5490,700900.0
5494,1099700.0
5499,1707200.0
5504,1101800.0
5513,259020.0
5528,1060516.6666666665
5535,1573000.0
5542,1083832.5
5543,1099700.0
5546,878275.0
5547,1112000.0
5552,427198.3333333334
5553,579433.3333333335
5557,988579.5634920637
5558,1305650.0
5566,1228416.6666666665
5567,771725.0
5576,607550.0
5583,869437.5
5585,263555.0
5590,910150.0
5594,258170.0
5602,1601000.0
5603,1021500.0
5610,876316.6666666666
5620,1080500.0
5623,1078950.0
5641,1397200.0
5647,1256200.0
5649,978041.6666666666
5660,1461400.0
5661,1303600.0
5668,1021500.0
5673,1227400.0
5675,699100.0
5676,1099400.0
5682,1165704.1666666667
5686,1199600.0
5689,591451.21031746
5696,826957.9166666667
5713,1379060.9523809522
5715,1702800.0
5717,1043937.5
5724,614009.5833333334
5729,988050.0
5733,1017123.3333333333
5737,2099600.0
5740,652600.0
5741,943550.0
5750,968647.0634920637
5758,831086.6666666666
5759,1195000.0
5763,1223885.0
5764,983790.8333333333
5776,1210300.0
5777,879425.0
5780,734364.1666666666
5783,873116.6666666667
5784,1186800.0
5788,1201600.0
5790,940750.0
5792,587370.0000000002
5794,1242953.333333333
5799,612450.0
5807,1098510.0
5808,1083832.5
5812,313237.9761904762
5813,1349420.476190476
5819,1268270.2380952379
5824,1124000.0
5826,1201800.0
5838,1401000.0
5840,1240400.0
5851,1225666.9047619046
5852,1078507.142857143
5861,1205203.3333333333
5863,769275.0
5870,1198566.6666666665
5871,748575.0
5872,1089157.142857143
5878,1502000.0
5888,381000.0
5893,1162534.9999999998
5902,1295800.0
5905,1584400.0
5907,1322426.6666666665
5909,824666.6666666667
5922,323012.2619047619
5926,196555.8333333333
5929,1368424.285714286
5933,1495200.0
5940,1264064.285714286
5948,608500.0
5949,705984.1666666666
5955,579433.3333333335
5956,313237.9761904762
5959,1429800.0
5962,611116.6666666669
5963,1194598.3333333333
5965,479370.0
5966,1399400.0
5968,1454200.0
5969,946100.0
5970,1148600.0
5971,1860200.0
5972,774020.0
5974,1370923.3333333335
5975,1298400.0
5977,1413600.0
5981,1660400.0
5983,1662800.0
5986,1209520.0
5988,906725.0
5990,1001950.0
5997,988750.0
5998,707400.0
6002,678875.0
6008,828284.5833333334
6010,794843.5714285715
6013,409757.5
6016,196169.16666666666
6031,759425.0
6032,1412800.0
6036,823535.0
6037,673100.0
6038,1294600.0
6041,1298400.0
6046,824700.0
6047,879483.3333333334
6058,960066.6666666666
6063,671300.0
6065,732762.5
6066,1482000.0
6081,1101400.0
6085,1093400.0
6086,1100000.0
6088,794195.0
6090,1437200.0
6093,713321.6666666666
6095,770200.0
6098,1324800.0
6099,1230247.6190476192
6104,952800.0
6105,1092550.0
6111,1660400.0
6115,1421400.0
6116,1350400.0
6122,999262.5
6131,996195.8333333334
6135,1465100.0
6136,1509800.0
6140,604199.5833333334
6141,1201200.0
6142,1099650.0
6143,607550.0
6144,1083832.5
6145,1258150.0
6151,1086711.1111111112
6152,699100.0
6154,1074050.0
6161,589855.0000000002
6162,1234600.0
6169,995182.380952381
6170,1294600.0
6173,931820.5952380951
6181,1311400.0
6184,1099650.0
6185,955350.0
6187,890000.0
6192,1351496.666666666
6194,947850.0
6200,1606800.0
6202,1473000.0
6203,825453.3333333334
6204,817733.3333333334
6212,1386742.857142857
6213,861400.0
6215,306564.99999999994
6217,1001400.0
6218,1097650.0
6221,1642200.0
6226,1631200.0
6227,1854600.0
6228,879050.0
6229,524080.0
6236,854900.0
6237,304764.99999999994
6238,1735600.0
6245,1268800.0
6250,1199400.0
6252,1200200.0
6254,1646800.0
6258,1461400.0
6260,1564400.0
6262,312751.6666666667
6274,1104400.0
6281,825235.0
6285,900604.1666666665
6288,1234306.6666666667
6300,1021500.0
6302,1223600.0
6307,998583.3333333333
6308,1297826.6666666667
6311,413730.8333333333
6317,1800200.0
6328,1285200.0
6331,899650.0
6333,915072.5
6335,1147600.0
6343,924950.0
6344,1331000.0
6349,288200.0
6353,1086275.0
6355,962050.0
6359,759800.0
6367,1148400.0
6368,1695200.0
6369,943418.3333333335
6370,978550.0
6373,1167350.0
6382,864100.0
6385,1003950.0
6386,877200.0
6387,854500.0
6389,672700.0
6394,1275200.0
6411,419730.0
6413,1272400.0
6417,994850.0
6423,719866.6666666666
6425,1233400.0
6444,424263.3333333333
6449,1640200.0
6455,900450.0
6460,1099850.0
6467,922219.1666666666
6470,695931.0119047619
6476,949100.0
6479,1099500.0
6480,1540200.0
6486,523825.0
6487,1199600.0
6493,850566.6666666666
6497,951450.0
6499,908294.1666666666
6501,611018.75
6503,525200.0
6505,607439.5833333334
6507,848068.3333333334
6511,941604.5833333334
6512,878283.6904761904
6521,1094900.0
6522,938393.3333333333
6532,899000.0
6534,763720.8333333333
6536,373650.0
6538,806650.0
6541,851925.0
6550,1109000.0
6561,452100.0
6564,1558400.0
6569,602786.9444444444
6577,897850.0
6579,588835.5357142857
6583,878283.6904761904
6587,1030596.6666666667
6592,882505.8333333334
6603,252626.4761904762
6607,1170800.0
6613,948200.0
6626,850985.0
6647,650925.0
6650,1094900.0
6657,1010650.0
6663,710786.0714285714
6672,1329200.0
6677,588835.5357142857
6678,902210.8333333334
6681,658450.0
6683,659350.0
6685,750916.6666666666
6689,596293.8690476188
6691,848750.0
6692,853475.0
6699,1098600.0
6709,524675.0
6719,681900.0
6731,524375.0
6738,991850.0
6739,895483.3333333333
6740,868000.0
6746,929200.0
6751,994150.0
6755,644967.0833333334
6756,921950.0
6757,1053400.0
6768,946300.0
6779,1200700.0
6780,824750.0
6782,1459400.0
6783,1114550.0
6787,1294400.0
6788,563070.8333333334
6795,1065183.3333333335
6799,938393.3333333333
6804,847587.5
6811,1914800.0
6813,357670.0
6814,907217.5
6816,995000.0
6824,848750.0
6825,224491.66666666663
6826,372300.0
6827,601545.8333333331
6835,1051200.0
6845,1194950.0
6851,711650.0
6852,1340000.0
6858,867000.0
6862,847587.5
6866,913750.0
6867,921183.3333333333
6868,801750.0
6880,975600.0
6883,847587.5
6899,1258000.0
6901,1081533.3333333333
6902,1092383.3333333335
6907,900333.3333333333
6914,1121100.0
6916,1302200.0
6917,655600.0
6932,936723.3333333333
6936,1458600.0
6947,926200.0
6949,895591.3095238096
6950,930883.3333333334
6954,771500.0
6971,1587400.0
6973,1097050.0
6974,1003700.0
6982,1447400.0
6983,709430.0
6998,1012000.0
7006,1200400.0
7008,792450.0
7030,759150.0
7036,690883.5714285714
7037,672700.0
7038,1028300.0
7043,1780000.0
7051,1386600.0
7053,1101329.1666666665
7059,905300.0
7060,1487600.0
7062,817350.0
7067,1873600.0
7070,923226.6666666666
7076,1165950.0
7078,1545200.0
7079,68900.0
7084,999500.0
7090,1010000.0
7091,1063549.9999999998
7093,1728800.0
7100,1107450.0
7104,682700.3968253968
7108,868600.0
7111,1019800.0
7112,868750.0
7115,927850.0
7117,659400.0
7127,880472.857142857
7133,697900.1785714285
7136,1199200.0
7138,842200.0000000001
7145,884336.1904761904
7146,705422.5
7151,448250.0
7163,927350.0
7171,252626.4761904762
7173,800512.4999999999
7187,1691200.0
7193,1298000.0
7195,592416.4087301585
7201,1299600.0
7208,867600.0
7211,824100.0
7213,396780.0
7221,1202950.0
7223,764950.0
7233,1255700.0
7235,692921.9047619047
7236,1107750.0
7244,710627.0833333334
7245,1270600.0
7248,823700.0
7249,714950.0
7252,734000.0
7261,422740.0
7271,1853400.0
7272,799800.0
7275,379950.0
7292,774200.0
7295,1191750.0
7300,907350.0
7302,824850.0
7304,652775.0
7312,717025.0
7314,925850.0
7325,977025.0
7329,1093350.0
7330,975900.0
7334,1196600.0
7336,591650.0
7340,230517.5
7341,900850.0
7351,682450.0
7356,887300.0
7360,596095.0
7364,785152.857142857
7372,623395.0
7373,584808.3333333333
7383,855329.9999999999
7385,247773.66666666663
7394,853591.6666666666
7398,897775.0
7401,374715.0
7408,872500.0
7409,1182900.0
7410,673380.8928571428
7417,1096166.6666666665
7418,611100.0
7419,620930.0
7429,1267450.0
7444,807966.6666666666
7450,1358800.0
7454,908200.0
7459,230340.0
7462,759179.1666666666
7466,440062.5
7469,907150.0
7478,315120.0
7493,900250.0
7502,355220.0
7504,861400.0
7511,603228.3333333333
7512,889560.357142857
7515,230670.0
7520,1181700.0
7523,102860.83333333334
7524,650050.0
7527,1295600.0
7544,718450.0
7554,1628600.0
7555,1011650.0
7559,777399.9999999999
7560,918200.0
7564,1430000.0
7569,1093266.6666666665
7571,1532200.0
7579,1054473.3333333335
7583,972250.0
7584,1006850.0
7586,950000.0
7598,1001500.0
7605,1078600.0
7612,643290.0
7614,851296.6666666666
7615,775250.0
7616,911400.0
7618,798678.3333333334
7620,707150.0
7623,1009700.0
7627,755300.0
7630,1004600.0
7631,725100.0
7632,777849.9999999999
7636,863850.0
7643,1071816.6666666665
7644,180295.99999999997
7647,941904.7023809522
7650,623117.4999999999
7651,712400.0
7653,924833.3333333333
7657,231640.0
7658,972261.6666666665
7667,1089000.0
7676,851100.0
7677,991750.0
7683,1179250.0
7689,957144.523809524
7703,1192250.0
7705,784766.6666666667
7710,510750.0
7712,674050.0
7722,763450.0
7729,894400.0
7731,887722.0238095238
7733,789795.8333333334
7735,608550.0
7741,599783.3333333333
7746,730662.4999999999
7750,827100.0
7751,599750.0
7757,685259.1666666666
7759,1381200.0
7772,858150.0
7773,786029.1666666666
7785,753850.0
7789,1003150.0
7801,1005500.0
7806,969108.3333333334
7809,1291800.0
7818,1092700.0
7819,890833.2738095239
7823,578750.0
7825,830050.0
7828,984753.5714285714
7829,575378.5714285715
7831,625300.0
7834,1004566.6666666666
7835,714756.6666666667
7840,791976.3690476195
7842,335830.0
7846,1299000.0
7850,1097000.0
7851,739218.4523809523
7856,716650.0
7865,1313600.0
7871,888475.0
7886,1051603.3333333335
7891,1099800.0
7893,1338200.0
7895,1002150.0
7898,1029650.0
7902,817880.0
7907,304950.0
7909,753850.0
7915,1172450.0
7916,854400.0
7917,895100.0
7929,395730.0
7931,135314.5
7937,774950.0
7938,713900.0
7940,751700.0
7941,661150.0
7945,620416.6666666667
7946,991501.6666666667
7955,798678.3333333334
7956,1124450.0
7960,524750.0
7961,1094700.0
7962,710950.0
7967,819810.0
7968,921600.0
7978,816100.0
7979,100218.33333333334
7987,799550.0
7991,298790.8333333334
8000,1599600.0
8004,612229.1666666663
8006,1188450.0
8007,667700.0
8011,784900.0
8014,899700.0
8029,997550.0
8036,999900.0
8037,455663.3333333332
8042,871009.3452380951
8043,736900.0
8047,798500.0
8053,1163600.0
8057,601283.3333333333
8065,928300.0
8068,1577400.0
8075,777902.857142857
8078,1550800.0
8093,509150.0
8094,1095516.6666666665
8097,1264800.0
8103,1063300.0
8107,874080.0
8110,229220.0
8115,782222.7380952385
8119,998083.3333333333
8120,856890.7142857142
8122,882137.5
8132,873900.0
8134,849050.0
8136,636550.0
8148,753300.0
8163,928300.0
8165,1100000.0
8177,617450.0
8182,1007400.0
8185,599750.0
8192,597266.6666666667
8199,1063100.0
8200,713050.0
8208,601283.3333333333
8213,827250.0
8216,755350.0
8222,1045766.6666666666
8223,181845.99999999997
8234,1203810.0
8243,238497.5
8251,1487400.0
8254,345960.0
8256,1075300.0
8259,1300600.0
8267,826700.0
8271,898800.0
8272,1099600.0
8273,599750.0
8274,523750.0
8279,1063008.095238095
8283,1186700.0
8284,1186000.0
8285,102830.0
8302,998600.0
8304,999733.3333333333
8306,984032.7380952381
8309,1080300.0
8315,254640.0
8317,615469.5436507937
8327,967535.119047619
8345,915300.0
8352,484400.0
8360,830900.0
8362,1394000.0
8363,820650.0
8365,483650.0
8367,667239.642857143
8369,375400.0
8370,526989.1666666667
8371,252480.0
8373,672054.6428571428
8374,636750.0
8378,743000.0
8384,284603.88888888893
8387,724900.0
8390,599283.3333333333
8394,551650.0
8395,864933.3333333333
8396,1133950.0
8400,1124850.0
8401,741850.0
8402,978779.7619047621
8405,894900.0
8407,559782.1428571428
8411,914000.0
8413,904273.3333333335
8419,1021650.0
8420,580250.0
8425,725800.0
8428,260287.33333333334
8431,712800.0
8442,599801.7857142857
8448,1261400.0
8449,424200.0
8455,300502.6666666667
8458,1282200.0
8467,724400.0
8468,428100.0
8478,855250.0
8479,975925.0
8483,844750.0
8485,787900.0
8490,697150.0
8496,424200.0
8498,983564.1666666667
8500,615469.5436507937
8504,762850.0
8505,732300.0
8510,1246200.0
8520,762800.0
8522,483000.0
8533,772950.0
8540,1388400.0
8547,815500.0
8560,393606.66666666674
8569,793000.0
8580,673400.0
8583,1383400.0
8591,624328.8690476189
8594,386042.0833333333
8598,1031300.0
8603,1019500.0
8611,529130.9523809524
8617,1391600.0
8622,855250.0
8624,758550.0
8635,263145.3333333334
8636,693400.0
8637,767350.0
8642,953625.0
8643,522816.6666666666
8644,884170.0
8648,972900.0
8662,219363.0
8670,1148250.0
8672,849750.0
8675,1107050.0
8676,989900.0
8677,499550.0
8689,803050.0
8690,504550.0
8691,580250.0
8698,595800.0
8702,791850.0
8703,888300.0
8705,77980.0
8712,692800.0
8716,820900.0
8717,749700.0
8718,548200.0
8719,810000.0
8721,427950.0
8724,490250.0
8731,754950.0
8736,601675.0
8746,254208.0
8749,725950.0
8756,849750.0
8757,878900.0
8761,346920.0
8762,1384200.0
8763,936380.0
8772,984700.0
8773,311930.0
8774,674458.3333333334
8780,560814.4047619047
8781,1080700.0
8783,617600.0
8784,670900.0
8786,873050.0
8792,608650.0
8793,873100.0
8799,346920.0
8800,253450.0
8809,765200.0
8814,480400.0
8816,281360.0
8824,1022850.0
8826,744000.0
8829,608025.0
8832,256820.0
8834,747366.6666666666
8835,677200.0
8837,889100.0
8844,597650.0
8846,749900.0
8851,1076850.0
8859,962650.0
8861,617922.619047619
8862,681450.0
8865,381896.6666666666
8868,674458.3333333334
8871,935700.0
8873,724950.0
8884,476841.4880952382
8892,328990.0
8898,264574.6666666666
8902,390225.4166666666
8906,678800.0
8908,831450.0
8909,427400.0
8913,675750.0
8915,1304400.0
8916,747800.0
8917,847750.0
8922,944900.0
8925,629961.2103174604
8930,649300.0
8934,770700.0
8938,385090.0
8940,1048400.0
8949,648100.0
8951,1305400.0
8953,263145.3333333334
8958,663649.2261904761
8962,561450.0
8973,873400.0
8976,772950.0
8982,885450.0
8986,677600.0
8987,993740.0
8989,800950.0
8991,516000.0
8993,198930.0
9001,634716.6666666667
9009,749700.0
9015,1002650.0
9016,992817.7380952381
9020,319107.33333333326
9023,828300.0
9024,1123950.0
9027,596605.357142857
9028,513900.0
9033,926147.6190476189
9038,634300.0
9042,823400.0
9048,925925.8333333334
9055,611650.0
9062,566234.4047619047
9068,977264.1666666667
9069,306780.8888888888
9070,588850.0
9072,712500.0
9073,553925.0
9075,390070.0
9076,577900.0
9077,634450.0
9079,583801.7857142856
9080,624900.0
9082,701050.0
9089,846950.0
9100,782600.0
9101,679550.0
9108,587631.6666666667
9113,819150.0
9117,841600.0
9126,1201650.0
9132,475200.0
9135,568479.1666666667
9137,824450.0
9141,566640.4761904761
9148,776600.0
9153,765700.0
9159,769600.0
9170,769450.0
9172,305080.0
9173,529130.9523809524
9176,725200.0
9192,253450.0
9194,1029550.0
9200,201900.0
9210,307751.2222222222
9225,202740.0
9231,906550.0
9233,195280.0
9237,959000.0
9239,614400.0
9242,821250.0
9247,1020800.0
9248,872950.0
9253,973553.5714285717
9277,499150.0
9281,698400.0
9283,531900.1190476189
9293,669596.3095238094
9297,300502.6666666667
9298,776600.0
9304,266308.00000000006
9306,708550.0
9309,586800.0
9337,730029.1666666666
9341,849800.0
9343,672500.0
9346,672250.0
9347,633172.9166666666
9351,591950.0
9352,909350.0
9359,375400.0
9365,871400.0
9367,978779.7619047621
9368,522707.14285714284
9371,673400.0
9374,424100.0
9377,699900.0
9383,1091350.0
9385,808725.0
9398,675783.3333333333
9401,760450.0
9405,891650.0
9411,442880.3571428572
9412,787000.0
9419,568933.3333333333
9424,226410.0
9430,823050.0
9431,1067150.0
9437,509050.0
9439,661000.0
9441,1144250.0
9442,634745.8333333334
9453,576800.0
9457,608032.1428571428
9460,328550.0
9465,1005200.0
9483,421585.71428571426
9484,430308.3333333332
9489,957150.0
9491,917550.0
9504,497710.0
9506,668550.0
9508,543600.0
9513,1121450.0
9517,612500.0
9520,858250.0
9522,558356.25
9533,1106500.0
9542,1015350.0
9543,329200.0
9548,574750.0
9550,354450.0
9560,420900.0
9563,644550.0
9581,649250.0
9582,308420.0
9585,399900.0
9589,770300.0
9590,529900.0
9593,799550.0
9604,766500.0
9611,742466.6666666666
9613,744658.3333333334
9619,448530.0
9633,227280.0
9638,373300.0
9646,329100.0
9654,580250.0
9656,512658.3333333333
9663,787850.0
9671,1118600.0
9674,702550.0
9675,676400.0
9676,344090.0
9677,651100.0
9679,643250.0
9694,126300.99999999999
9698,222910.0
9704,592187.5
9707,543529.1666666666
9710,766150.0
9711,924650.0
9713,860300.0
9718,561400.0
9723,447404.1666666667
9737,848750.0
9738,673520.0
9739,537466.0714285715
9741,582150.0
9755,626300.0
9758,220750.0
9766,740116.6666666666
9774,856250.0
9779,525315.238095238
9781,739208.3333333334
9787,686712.4999999999
9790,516900.0
9800,550500.0
9801,607950.0
9808,538533.3333333333
9811,993550.0
9813,744290.0
9814,561200.0
9821,778050.0
9825,391904.1666666666
9828,776750.0
9833,469550.0
9838,676400.0
9839,530000.0
9840,582150.0
9849,744290.0
9850,787900.0
9857,424177.5
9860,907000.0
9861,1126000.0
9864,537600.0
9865,1070850.0
9866,546976.1904761904
9868,673050.0
9872,797400.0
9880,558100.0
9882,600200.0
9888,679150.0
9891,541849.9999999999
9900,506615.71428571426
9901,501721.66666666674
9904,550500.0
9905,518200.0
9907,400000.0
9911,274430.0
9917,436568.8095238094
9918,849900.0
9919,650000.0
9921,597750.0
9928,578950.0
9935,625450.0
9938,525750.0
9946,1142400.0
9947,436568.8095238094
9959,614050.0
9963,45100.0
9970,614650.0
9972,438500.0
9975,566625.0
9992,916000.0
9993,592450.0
9995,909400.0
10005,641583.3333333334
10017,676300.0
10019,670750.0
10023,470933.3333333334
10024,457180.00000000006
10030,1110100.0
10031,498200.0
10033,717550.0
10034,474900.0
10039,537100.0
10043,607698.8095238096
10051,746316.6666666666
10072,605025.0
10080,449163.33333333326
10084,649950.0
10087,399950.0
10101,677850.0
10102,689277.9761904762
10105,505466.6666666667
10109,514349.9999999998
10110,652250.0
10113,530150.0
10116,611000.0
10125,479650.0
10134,718100.0
10141,773750.0
10142,783300.0
10147,576550.0
10149,417437.5
10152,586306.6666666665
10156,429554.1666666665
10162,576850.0
10164,552500.0
10165,543600.0
10178,708379.1666666665
10179,234108.6666666667
10181,649791.6666666667
10185,548700.0
10186,615250.0
10187,791900.0
10195,643293.3333333334
10205,464629.1666666667
10208,632566.6666666667
10214,189328.33333333334
10216,459716.6666666667
10222,451600.0
10226,400000.0
10229,626012.5
10240,586306.6666666665
10242,761333.3333333333
10245,708900.0
10249,1113100.0
10262,626950.0
10266,554400.0
10267,993650.0
10269,129432.90476190476
10275,704633.3333333334
10282,587699.9999999999
10287,81500.0
10288,600350.0
10303,538708.3333333333
10308,831250.0
10322,533325.0
10323,467429.1666666667
10326,766900.0
10329,649950.0
10344,621300.0
10348,529850.0
10349,498784.5238095238
10350,558450.0000000001
10353,793600.0
10356,377480.0
10362,539950.0
10375,144280.0
10388,405700.0
10389,598850.0
10390,727100.0
10391,575506.25
10392,575100.0
10397,609000.0
10411,739600.0
10418,144280.0
10423,287000.0
10434,498700.0
10437,449600.0
10449,70640.0
10453,857000.0
10457,497758.3333333334
10460,117853.33333333333
10462,68860.0
10463,386800.0
10468,525100.0
10469,449600.0
10478,325000.0
10483,349000.0
10486,462250.0
10487,676350.0
10489,500250.0
10494,506808.3333333334
10498,492407.9166666667
10505,472100.0
10515,576050.0
10516,592900.0
10518,671700.0
10521,862700.0
10523,575000.0
10527,923700.0
10533,766500.0
10539,609000.0
10541,420963.3333333334
10544,523833.3333333333
10545,527350.0
10551,446252.38095238095
10555,500100.0
10557,469866.6666666666
10558,622083.3333333334
10573,769100.0
10584,108380.0
10591,324800.0
10595,604450.0
10608,452048.3333333333
10613,576200.0
10616,528200.0
10617,940550.0
10621,561300.0
10623,636900.0
10629,350760.0
10632,512950.0
10641,637155.7142857143
10644,943850.0
10645,412696.746031746
10658,667950.0
10659,675109.7619047619
10663,527950.0
10665,440250.0
10683,525000.0
10693,395540.0
10695,500750.0
10697,431700.0
10706,506197.5
10707,765850.0
10714,913400.0
10715,580400.0
10725,394550.0
10727,425650.0
10729,117853.33333333333
10733,600300.0
10745,584150.0
10752,505550.0
10755,730700.0
10757,463192.4404761905
10759,444408.3333333334
10764,505591.6666666667
10772,639650.0
10781,455800.0
10783,770150.0
10785,428450.0
10789,446252.38095238095
10791,149380.0
10792,382650.0
10797,893650.0
10801,500450.0
10806,169060.0
10808,575000.0
10811,257900.0
10813,374599.99999999994
10817,716062.5
10821,467216.6666666666
10823,401750.0
10829,621432.5
10840,471200.0
10843,651373.9285714285
10847,193370.0
10855,800050.0
10857,756012.5
10861,348900.0
10865,673500.0
10866,300820.0
10869,354910.0
10875,370950.0
10881,411107.61904761905
10883,324900.0
10884,528133.3333333333
10888,401210.0
10892,628300.0
10894,674100.0
10895,666030.0
10901,639055.7142857143
10902,529750.0
10905,833850.0
10911,456112.5
10915,584300.0
10918,494107.9166666667
10919,425500.0
10926,470500.0
10927,575000.0
10930,711275.0
10932,349700.0
10935,326790.0
10937,476525.0
10938,444408.3333333334
10945,426500.0
10946,410362.5
10947,676150.0
10948,754150.0
10949,415975.0
10952,921800.0
10954,63860.0
10959,572300.0
10976,531600.0
10977,771850.0
10980,614550.0
10981,457300.0
10984,190250.0
10993,304420.0
11005,443790.0
11011,543850.0
11023,505455.00000000006
11037,721162.5
11038,375250.0
11039,294580.0
11041,435050.0
11044,384800.0
11049,292260.0
11051,753250.0
11059,443604.76190476195
11071,600200.0
11073,534550.0
11083,371000.0
11084,829350.0
11086,534150.0
11091,919750.0
11092,546200.0
11093,410102.3809523809
11097,525000.0
11110,448036.6666666666
11115,515850.0
11117,593800.0
11120,397600.0
11121,500750.0
11123,658794.642857143
11124,676350.0
11127,444631.6666666667
11137,355600.0
11145,443308.3333333334
11146,949950.0
11152,492300.0
11154,670000.0
11155,529300.0
11156,848800.0
11157,610816.6666666666
11158,259400.0
11161,530950.0
11167,600900.0
11169,638450.0
11170,599950.0
11171,301170.0
11173,469650.0
11177,479450.0
11183,300720.0
11190,760050.0
11191,460800.0
11200,281850.0
11205,467650.0
11211,676500.0
11230,462300.0
11232,500650.0
11233,423515.0
11236,645060.8333333333
11237,684700.0
11244,116353.33333333333
11259,616112.5
11261,552250.0
11265,470150.0
11272,534700.0
11278,822350.0
11283,260460.0
11284,618500.0
11292,720700.0
11294,405350.0
11305,478500.0
11307,471280.35714285716
11311,423030.0
11314,573900.0
11320,324900.0
11321,376100.0
11323,649470.8333333333
11337,404050.0
11343,468450.0
11345,486100.0
11347,625346.1904761904
11356,428133.3333333334
11363,377050.0
11375,319670.0
11377,310224.7619047619
11382,597850.0
11383,646350.0
11385,478650.0
11386,421050.0
11391,459650.0
11399,489800.0
11400,407100.0
11405,556900.0
11407,563900.0
11408,261876.66666666666
11410,141000.0
11412,373150.0
11416,702300.0
11419,522950.0
11422,576500.0
11423,155220.0
11425,425550.0
11427,632800.0
11432,373200.0
11434,555050.0
11436,269660.0
11440,306501.6666666666
11442,395900.0
11452,594950.0
11453,726000.0
11458,521050.0
11463,155220.0
11464,790850.0
11471,407350.0
11481,514300.0
11507,269040.0
11510,638100.0
11511,617000.0
11514,343490.0
11515,621400.0
11516,579400.0
11517,409350.0
11519,637650.0
11525,490650.0
11526,407950.0
11533,635300.0
11534,478050.0
11539,595300.0
11540,306412.619047619
11545,441350.0
11546,475500.0
11547,778900.0
11551,223720.0
11554,473300.0
11555,300264.6666666666
11561,42820.0
11567,528450.0
11575,437750.0
11578,349660.0
11580,363423.3333333334
11584,351850.0
11590,350180.0
11593,476300.0
11595,330223.3333333333
11598,349260.0
11599,571900.0
11601,107180.0
11610,621350.0
11612,596000.0
11617,174940.0
11620,422600.0
11625,497150.0
11626,726300.0
11628,339750.0
11633,446100.0
11636,335250.0
11639,448300.0
11651,123280.0
11666,476550.0
11669,375000.0
11673,299157.0
11675,394800.0
11676,500150.0
11684,624450.0
11685,673700.0
11689,350450.0
11694,471050.0
11695,400100.0
11711,390410.0
11716,562500.0
11718,288670.0
11720,500150.0
11722,500150.0
11731,374800.0
11738,469850.0
11744,345360.0
11745,450100.0
11751,527600.0
11753,372900.0
11760,519500.0
11763,403450.0
11764,804350.0
11770,500150.0
11776,395900.0
11800,546650.0
11801,93880.0
11804,376930.0
11808,483600.0
11820,607900.0
11824,412650.0
11825,717400.0
11831,386050.0
11840,298459.85714285716
11841,496100.0
11854,562500.0
11857,693350.0
11863,445850.0
11864,721750.0
11869,351850.0
11871,717850.0
11883,470650.0
11884,489800.0
11890,373050.0
11894,499550.0
11895,442700.0
11899,368070.0
11905,566950.0
11911,268440.0
11917,327840.0
11920,500800.0
11921,749600.0
11926,182740.0
11928,727900.0
11929,750000.0
11930,727500.0
11935,485800.0
11939,724750.0
11942,411850.0
11948,353410.0
11949,266150.0
11957,419350.0
11961,472800.0
11962,302344.8333333333
11963,482400.0
11966,474000.0
11970,375050.0
11971,237980.0
11975,549000.0
11981,470000.0
11985,407350.0
11991,540600.0
11992,596900.0
12004,244050.0
12005,469850.0
12006,546600.0
12012,544100.0
12017,628350.0
12018,30540.0
12019,476900.0
12022,590300.0
12025,348510.0
12031,311818.0
12034,533900.0
12037,532600.0
12039,602400.0
12050,499200.0
12060,445700.0
12061,473350.0
12067,397000.0
12081,412850.0
12097,349180.0
12099,771200.0
12100,368040.0
12102,203100.0
12103,500150.0
12107,486150.0
12116,418150.0
12125,306412.619047619
12126,633050.0
12147,499450.0
12158,374900.0
12165,419450.0
12169,595700.0
12171,268830.0
12172,485800.0
12181,201900.0
12186,436400.0
12187,482400.0
12189,696150.0
12191,459050.0
12193,480750.0
12195,628250.0
12199,560150.0
12202,633000.0
12203,467550.0
12212,392600.0
12219,566900.0
12221,582150.0
12223,327910.0
12228,386710.0
12237,641250.0
12238,348954.5714285715
12245,731150.0
12246,324430.0
12254,330550.0
12257,650850.0
12264,521050.0
12270,528000.0
12281,374900.0
12283,171700.0
12293,476400.0
12304,535900.0
12308,348800.0
12317,295620.0
12318,402400.0
12320,267810.0
12322,644700.0
12323,392650.0
12329,427000.0
12330,329400.0
12339,569000.0
12340,335050.0
12341,348830.0
12346,423000.0
12352,651950.0
12353,345020.0
12359,490950.0
12360,330703.3333333333
12363,335050.0
12365,377050.0
12366,363230.0
12369,627450.0
12371,204940.0
12379,347640.0
12394,667450.0
12414,406200.0
12415,356215.0
12417,565250.0
12419,344330.0
12420,271150.0
12424,268030.0
12425,230430.0
12431,246670.0
12439,474300.0
12489,387400.0
12490,650800.0
12492,565200.0
12500,497600.0
12505,645600.0
12506,287010.0
12516,283940.0
12519,604200.0
12521,325450.0
12523,379900.0
12525,362970.8333333334
12529,318260.0
12531,448200.0
12541,401400.0
12545,650950.0
12549,258860.0
12559,425200.0
12560,670800.0
12561,486400.0
12566,651750.0
12575,426775.0
12578,523850.0
12588,222820.0
12589,280770.0
12595,273000.0
12599,398000.0
12604,135460.0
12611,217800.0
12614,308160.0
12615,450750.0
12623,303130.0
12625,111040.0
12629,295180.0
12631,571450.0
12633,351058.3333333333
12638,398350.0
12639,588600.0
12642,273500.0
12645,281860.0
12648,341350.0
12655,422450.0
12656,329500.0
12660,405550.0
12662,285980.0
12674,242343.33333333334
12676,401500.0
12681,500750.0
12691,557750.0
12695,399300.0
12697,280550.0
12708,299760.0
12710,468200.0
12717,113440.0
12720,285360.0
12722,399350.0
12739,201660.0
12743,561050.0
12746,350758.3333333334
12756,127600.0
12759,350700.0
12761,178640.0
12762,633150.0
12763,323633.3333333333
12764,329100.0
12784,325520.0
12786,399500.0
12787,357921.6666666667
12794,350691.6666666666
12801,402650.0
12807,280220.0
12808,430500.0
12814,516000.0
12815,593550.0
12826,145520.0
12829,287250.0
12834,378300.0
12837,318440.0
12839,446650.0
12843,467700.0
12848,355450.0
12849,605250.0
12860,382150.0
12864,448550.0
12868,482800.0
12875,448350.0
12880,428850.0
12885,292095.0
12886,355450.0
12892,413850.0
12904,304650.0
12907,166240.0
12911,303780.0
12920,393200.0
12922,407650.0
12928,553650.0
12935,527600.0
12936,298790.0
12937,345740.0
12938,656500.0
12939,390450.0
12940,377000.0
12946,424400.0
12950,642350.0
12953,627250.0
12970,135460.0
12979,117680.0
12988,298700.0
12991,397750.0
12996,271340.0
12997,269970.0
13012,604150.0
13013,455600.0
13016,299140.0
13033,446050.0
13043,263280.0
13051,398000.0
13056,456700.0
13060,531850.0
13061,322760.0
13064,476700.0
13069,637500.0
13075,219880.0
13077,652950.0
13080,274750.0
13084,427650.0
13086,389150.0
13091,420200.0
13092,516725.0
13096,301713.3333333333
13103,385300.0
13123,197520.0
13125,198260.0
13133,300650.0
13136,512175.0
13139,515600.0
13140,147840.0
13145,526900.0
13146,393350.0
13148,531225.0
13152,372050.0
13160,306490.0
13173,523500.0
13174,448350.0
13183,200240.0
13187,332200.0
13192,121420.0
13193,516550.0
13197,473978.3333333333
13201,236665.0
13216,299538.3333333333
13219,297902.7619047619
13220,484065.8333333333
13227,472350.0
13230,327172.0
13237,348660.0
13238,72960.0
13241,197520.0
13244,408450.0
13245,207960.0
13259,201430.0
13265,258690.0
13271,375280.0
13274,327750.0
13282,469204.1666666667
13284,250140.0
13287,307085.0
13293,272105.3333333333
13295,446250.0
13296,349500.0
13299,119920.0
13300,250100.0
13301,431045.0
13305,418800.0
13308,528650.0
13313,317750.0
13320,170220.0
13324,325042.0
13333,474900.0
13334,286472.6666666667
13339,348050.0
13343,347250.0
13346,341200.0
13351,318030.0
13365,334000.0
13368,518525.0
13373,440200.0
13378,158820.0
13379,388700.0
13386,384950.0
13387,417000.0
13396,380350.0
13398,531225.0
13401,377650.0
13402,349450.0
13406,217220.0
13407,375500.0
13418,393200.0
13425,300040.0
13438,420200.0
13442,244000.0
13443,203960.0
13444,251720.0
13449,319640.0
13453,349750.0
13458,471650.0
13469,420550.0
13472,143780.0
13484,522000.0
13501,541150.0
13502,104380.0
13503,329510.0
13504,299208.3333333333
13508,297570.0
13509,446400.0
13519,347750.0
13520,493383.3333333334
13521,515300.0
13522,526550.0
13527,306660.0
13530,384000.0
13532,346410.0
13536,346200.0
13538,472150.0
13543,470750.0
13548,352620.0
13549,378450.0
13551,475452.49999999994
13556,380250.0
13560,318180.0
13561,273734.40476190473
13566,494665.83333333326
13576,518100.0
13577,469950.0
13583,392750.0
13590,320200.0
13592,268414.73809523805
13594,443658.3333333334
13596,444950.0
13598,373450.0
13601,299420.0
13607,249106.3333333333
13608,510350.0
13611,338740.0
13618,274840.0
13620,447450.0
13622,468600.0
13624,264938.85714285716
13631,117400.0
13637,320190.0
13655,269796.52380952385
13664,375280.0
13666,541083.3333333334
13667,262610.59523809515
13684,413050.0
13697,298462.0
13702,298870.0
13704,209840.0
13715,538350.0
13717,371980.0
13721,476254.1666666667
13723,518100.0
13725,375200.0
13729,206040.0
13732,314680.0
13739,323130.0
13740,384100.0
13746,169800.0
13748,284800.0
13756,260480.0
13761,178640.0
13764,259820.0
13765,404950.0
13768,259870.0
13772,284780.0
13785,240246.6666666667
13786,163720.0
13788,370400.0
13804,338270.0
13806,400700.0
13808,265366.0
13810,445759.5238095239
13820,321180.0
13822,338220.0
13826,382100.0
13831,261820.0
13832,383650.0
13836,448783.3333333334
13844,279340.0
13849,278400.0
13852,238940.0
13860,340310.0
13869,248184.6666666667
13870,440450.0
13872,333730.0
13878,442258.3333333333
13882,212443.33333333334
13890,386010.0
13891,277090.0
13894,262660.0
13898,380400.0
13903,201540.0
13908,180840.0
13911,211540.0
13913,253690.0
13914,423050.0
13915,299000.0
13916,241330.0
13929,330480.0
13935,326890.0
13941,379800.0
13944,261350.0
13945,288760.0
13952,320950.0
13953,260280.66666666666
13960,166740.0
13961,208660.0
13973,392100.0
13974,390450.0
13976,327270.0
13977,334130.0
13981,329860.0
13992,322860.0
13993,130000.0
13994,441741.6666666666
14005,274290.0
14012,446150.0
14015,249290.0
14017,279930.0
14020,277150.0
14022,254960.0
14025,354550.0
14037,374050.0
14050,323960.0
14064,312840.0
14065,193880.0
14076,224740.0
14077,280240.0
14078,194060.0
14081,258170.0
14088,326740.0
14100,240320.0
14101,189820.0
14104,448550.0
14115,276460.0
14129,380850.0
14130,173500.0
14136,422800.0
14144,448258.3333333334
14153,210740.0
14156,340540.0
14165,177600.0
14168,209000.0
14169,250131.6666666667
14170,32280.0
14174,259506.0
14180,444384.5238095238
14185,350390.0
14186,371540.0
14196,129580.0
14198,204760.0
14211,447059.52380952385
14223,296600.0
14227,340630.0
14231,262190.0
14235,417900.0
14256,278780.0
14257,211175.0
14261,240080.0
14263,297550.0
14264,266990.0
14268,238570.0
14282,443487.8571428572
14286,216100.0
14300,441650.0
14304,305190.0
14305,302580.0
14311,235780.0
14313,447500.0
14316,342950.0
14317,389800.0
14329,207540.0
14330,143520.0
14332,151440.0
14336,261420.0
14338,219240.0
14339,239500.0
14348,229320.0
14351,299610.0
14353,179940.0
14355,233000.0
14362,228980.0
14365,191860.0
14366,158400.0
14367,172100.0
14377,90220.0
14378,136960.0
14379,237340.0
14380,310987.1666666667
14396,183320.0
14398,249180.0
14400,318860.0
14401,226940.0
14406,225580.0
14414,220440.0
14420,320970.8333333334
14428,175920.0
14429,182600.0
14432,241460.0
14434,135400.0
14440,304104.6666666666
14441,319675.8333333333
14446,212340.0
14454,230000.0
14455,143660.0
14466,214680.0
14469,200800.0
14472,175840.0
14473,248260.0
14486,53340.0
14488,308590.0
14489,301057.49999999994
14490,151500.0
14499,193060.0
14508,239440.0
14535,217260.0
14539,321084.3333333333
14541,265210.0
14547,262510.0
14556,189280.0
14559,225580.0
14561,264860.0
14563,318164.8333333334
14564,243740.0
14565,201260.0
14571,299770.0
14574,276710.0
14576,238140.0
14581,214120.0
14584,267660.0
14599,273360.0
14606,180520.0
14607,231220.0
14611,257650.0
14621,243300.0
14625,219960.0
14626,300110.0
14631,158960.0
14635,158300.0
14636,29880.0
14639,271700.0
14649,174720.0
14650,237180.0
14655,317028.3333333333
14658,237440.0
14659,161440.0
14669,322236.3333333334
14671,298850.0
14681,216420.0
14684,240180.0
14685,239640.0
14686,188880.0
14689,151120.0
14690,181740.0
14692,186920.0
14693,226480.0
14694,256480.0
14700,306410.0
14703,220440.0
14714,160120.0
14734,173020.0
14737,263740.0
14740,220540.0
14742,143000.0
14744,64020.0
14745,220080.0
14750,207020.0
14757,174140.0
14758,298111.6666666666
14761,188540.0
14762,306840.0
14771,244940.0
14778,267740.0
14784,180120.0
14786,226220.0
14802,179640.0
14805,202240.0
14812,245440.0
14819,260780.0
14820,260740.0
14826,124480.0
14827,276420.0
14835,40060.0
14843,129840.0
14848,176540.0
14858,219406.66666666666
14861,167100.0
14862,221600.0
14863,178920.0
14867,140400.0
14869,225256.66666666666
14874,117060.0
14881,171480.0
14882,175380.0
14900,158860.0
14906,273780.0
14908,149960.0
14917,186760.0
14920,194720.0
14927,170720.0
14930,23500.0
14935,229860.0
14939,267840.0
14944,179591.33333333334
14945,196660.0
14950,186600.0
14954,244500.0
14967,190760.0
14968,218533.33333333337
14969,167540.0
14979,141100.0
14987,244400.0
14996,179980.0
14999,169200.0
15009,151240.0
15021,34940.0
15022,228820.0
15024,236600.0
15028,153260.0
15032,130800.0
15036,227740.0
15040,187860.0
15041,272320.0
15052,119900.0
15053,193960.0
15055,204580.0
15070,228960.0
15072,268060.0
15073,192666.6666666667
15076,239960.0
15078,171960.0
15080,209900.0
15081,119280.0
15091,117360.0
15095,158800.0
15105,164660.0
15112,173860.0
15117,190880.0
15122,68740.0
15127,200460.0
15133,190740.0
15135,249220.0
15139,140440.0
15142,199985.11111111112
15147,157300.0
15151,264980.0
15152,253780.0
15159,223200.0
15164,224180.0
15169,130920.0
15174,113680.0
15175,201480.0
15180,212566.66666666663
15183,243620.0
15191,223280.0
15193,11940.0
15195,156780.0
15197,159060.0
15199,161720.0
15201,218580.0
15207,217920.0
15209,155540.0
15213,224540.0
15215,111440.0
15221,142100.0
15225,108380.0
15234,141220.0
15246,200220.0
15249,192140.0
15250,207480.0
15264,164760.0
15267,83880.0
15275,138120.0
15277,127180.0
15282,155140.0
15286,156800.0
15290,112060.0
15292,178580.0
15293,101860.0
15306,145220.0
15310,172840.0
15333,197320.0
15334,184300.0
15339,218460.0
15353,217160.0
15356,111000.0
15357,219520.0
15360,104900.0
15371,210760.0
15378,185540.0
15386,167400.0
15387,203100.0
15389,159840.0
15392,199840.0
15393,165100.0
15396,212000.0
15401,138440.0
15422,181240.0
15431,217440.0
15448,175400.0
15457,203060.0
15460,209760.0
15462,140100.0
15463,159400.0
15476,219060.0
15478,171960.0
15484,159340.0
15489,146620.0
15490,207580.0
15493,13700.0
15498,109660.0
15504,117520.0
15511,129140.0
15517,208100.0
15518,93900.0
15520,113760.0
15529,155960.0
15533,180420.0
15536,194040.0
15539,166940.0
15540,200140.0
15546,219060.0
15552,144920.0
15563,91140.0
15564,129530.0
15569,112680.0
15573,150880.0
15574,186280.0
15584,111620.0
15600,117304.0
15602,132100.0
15604,101920.0
15608,127500.0
15612,132840.0
15614,126320.0
15615,89820.0
15616,151740.0
15621,171220.0
15622,153240.0
15630,171720.0
15631,125940.0
15632,175840.0
15638,129490.0
15640,158020.0
15645,133300.0
15647,91140.0
15652,195040.0
15670,109240.0
15673,120940.0
15692,159840.0
15694,181840.0
15697,181820.0
15702,137640.0
15703,179960.0
15721,180180.0
15722,143120.0
15737,132539.99999999997
15738,126540.0
15750,155140.0
15751,184900.0
15754,113800.0
15763,146120.0
15765,144320.0
15769,123360.0
15773,125500.0
15777,147480.0
15781,129680.0
15795,153600.0
15796,98760.0
15800,23080.0
15825,145980.0
15831,145060.0
15836,120620.0
15838,115280.0
15840,125800.0
15844,123340.0
15860,187640.0
15865,100660.0
15870,134800.0
15871,142240.0
15878,143660.0
15885,131998.6666666667
15887,125592.0
15892,117340.0
15893,112050.66666666666
15897,187580.0
15898,178460.0
15902,155020.0
15905,92140.0
15908,116100.0
15911,90200.0
15920,119260.0
15926,123170.0
15932,130513.33333333334
15934,180980.0
15936,171340.0
15937,114888.66666666667
15938,149400.0
15939,163580.0
15951,149480.0
15970,180800.0
15981,91420.0
16003,151680.0
16004,141700.0
16012,125630.0
16013,172080.0
16015,89580.0
16020,147740.0
16033,148160.0
16036,169700.0
16049,89440.0
16051,147720.0
16052,118840.0
16053,186680.0
16064,159500.0
16067,172720.0
16074,110890.0
16082,103220.0
16092,77940.0
16093,182680.0
16095,143700.0
16096,184980.0
16097,127620.0
16100,147220.0
16102,111800.0
16103,172840.0
16116,147640.0
16118,135000.0
16121,108860.0
16122,102080.0
16124,117820.0
16126,136960.0
16128,97740.0
16133,91320.0
16138,93940.0
16141,134280.0
16153,33920.0
16155,118760.0
16160,70240.0
16163,133200.0
16183,136000.0
16191,85540.0
16199,75880.0
16209,111140.0
16222,87680.0
16226,138300.0
16230,116820.0
16241,142200.0
16248,138760.0
16259,130380.0
16261,105800.0
16263,143240.0
16270,83700.0
16274,140420.0
16287,135000.0
16296,137880.0
16300,105700.0
16306,97740.0
16309,97880.0
16311,136860.0
16324,139220.0
16328,144340.0
16329,140920.0
16332,83740.0
16336,76200.0
16343,127280.0
16346,118660.0
16361,55060.0
16365,70600.0
16383,87500.0
16390,94680.0
16394,120900.0
16411,121120.0
16415,102380.0
16426,120400.0
16428,119860.0
16430,83880.0
16432,123980.0
16438,94300.0
16448,117080.0
16459,102880.0
16463,64220.0
16467,126180.0
16478,80240.0
16489,113980.0
16498,120600.0
16510,94400.0
16527,95100.0
16529,94320.0
16540,98780.0
16542,70120.0
16546,58780.0
16551,64520.0
16559,89640.0
16561,95240.0
16562,100200.0
16567,98060.0
16568,98640.0
16574,100100.0
16579,83680.0
16581,88200.0
16583,104460.0
16590,68640.0
16594,100340.0
16596,96960.0
16603,82060.0
16613,89460.0
16620,68780.0
16621,96640.0
16634,43260.0
16637,89620.0
16639,105000.0
16640,99560.0
16641,60960.0
16651,77840.0
16659,98880.0
16660,60100.0
16684,45000.0
16693,77314.66666666667
16702,43660.0
16705,70720.0
16707,75696.66666666667
16721,67546.66666666667
16722,71560.0
16728,71580.0
16733,69290.0
16746,69620.0
16762,58710.0
16773,51240.0
16778,55700.0
16784,54120.0
16801,52760.0
16814,54340.0
16818,33920.0
16838,50780.0
16854,52720.0
16861,36080.0
16872,51440.0
16873,51240.0
16874,52280.0
16888,44140.0
16889,60320.0
16913,42300.0
16918,58180.0
16924,59100.0
16929,50980.0
16932,59380.0
16937,43780.0
16943,49900.0
